Address,Latitude,Longitude,Neighborhood
"Veddeler Damm, Kleiner Grasbrook, Hamburg, 20457, Deutschland",53.52619429583643,9.989926200106561,Kleiner Grasbrook
"5, Am Windhukkai, Kleiner Grasbrook, Hamburg, 20457, Deutschland",53.52597495,9.99517486695445,Kleiner Grasbrook
"18, Veddeler Damm, Kleiner Grasbrook, Hamburg, 20457, Deutschland",53.52419515,10.00431651696595,Kleiner Grasbrook
"F, Dessauer Straße, O'Swaldkai, Kleiner Grasbrook, Hamburg, 20457, Deutschland",53.5265544,10.011925328575614,Kleiner Grasbrook
"Schule auf der Veddel, 1-3, Slomanstieg, Veddel, Hamburg, 20539, Deutschland",53.52671805,10.019411814325135,Veddel
"11, Peutestraße, Veddel, Hamburg, 20539, Deutschland",53.52742895,10.027400357373928,Veddel
"Peuter Elbdeich, Veddel, Hamburg-Mitte, Hamburg, 20539, Deutschland",53.5271863,10.0349369,Hamburg-Mitte
"Reiherdamm, Kleiner Grasbrook, Hamburg, 20457, Deutschland",53.528276589735825,9.97809327882724,Kleiner Grasbrook
"6, Kamerunweg, Kleiner Grasbrook, Hamburg, 20457, Deutschland",53.52942015,9.985183345624115,Kleiner Grasbrook
"3, Indiastraße, Kleiner Grasbrook, Hamburg, 20457, Deutschland",53.52808145,9.993418949999999,Kleiner Grasbrook
"45, Australiastraße, Kleiner Grasbrook, Hamburg, 20457, Deutschland",53.52976645,10.002637941063877,Kleiner Grasbrook
"46, Australiastraße, Kleiner Grasbrook, Hamburg, 20457, Deutschland",53.529412199999996,10.005323850257462,Kleiner Grasbrook
"D, Dessauer Straße, O'Swaldkai, Kleiner Grasbrook, Hamburg, 20457, Deutschland",53.531075599999994,10.011913309675322,Kleiner Grasbrook
"Veddeler Elbdeich, Veddel, Hamburg, 20539, Deutschland",53.530318859037685,10.023054146400819,Veddel
"Entenwerder, Rothenburgsort, Hamburg-Mitte, Hamburg, 20539, Deutschland",53.53236237643127,10.031038416879948,Hamburg-Mitte
"74, Billwerder Neuer Deich, Rothenburgsort, Hamburg, 20539, Deutschland",53.532006249999995,10.038629699999998,Rothenburgsort
"66c, Vierländer Damm, Rothenburgsort, Hamburg-Mitte, Hamburg, 20539, Deutschland",53.5331403,10.0463587,Hamburg-Mitte
"Getreide AG, Reiherdamm, Hamburg-Mitte, Steinwerder, Hamburg, 20457, Deutschland",53.53156355,9.968853676765981,Steinwerder
"Ellerholzdamm, Steinwerder, Hamburg, 20457, Deutschland",53.53235089469701,9.973017456015372,Steinwerder
"Zweite Querkanalbrücke, Worthdamm, Steinwerder, Hamburg, 20457, Deutschland",53.5324237,9.9817836,Steinwerder
"Südwesthafen, Afrikastraße, Kleiner Grasbrook, Hamburg, 20457, Deutschland",53.5328682,9.989033029482034,Kleiner Grasbrook
"Segelschiffhafen, Australiastraße, Kleiner Grasbrook, Hamburg, 20457, Deutschland",53.5345171,9.997936366615688,Kleiner Grasbrook
"37, Chicagokai, Quartier Elbtorquartier, HafenCity, Hamburg, 20457, Deutschland",53.53437945,10.0021560203148,HafenCity
"D, Dessauer Straße, O'Swaldkai, Kleiner Grasbrook, Hamburg, 20457, Deutschland",53.531075599999994,10.011913309675322,Kleiner Grasbrook
"Umfahrung Versmannstraße, Quartier Elbbrücken, HafenCity, Hamburg, 20457, Deutschland",53.53557512734119,10.019215752439491,HafenCity
"12, Zweibrückenstraße, Quartier Elbbrücken, HafenCity, Hamburg, 20539, Deutschland",53.53406125,10.025495946464119,HafenCity
"Franz Rudschinat, Stresowstraße, Hamburg-Mitte, Rothenburgsort, Hamburg, 20539, Deutschland",53.5350445,10.0338176,Rothenburgsort
"74, Marckmannstraße, Rothenburgsort, Hamburg-Mitte, Hamburg, 20539, Deutschland",53.5352137,10.0414474,Hamburg-Mitte
"129e, Marckmannstraße, Rothenburgsort, Hamburg-Mitte, Hamburg, 20539, Deutschland",53.53445515,10.048362258693588,Hamburg-Mitte
"180, Billstraße, Rothenburgsort, Hamburg-Mitte, Hamburg, 20539, Deutschland",53.5361446,10.0569251,Hamburg-Mitte
"56, Am Elbtunnel, Blohm + Voss, Steinwerder, Hamburg-Mitte, Hamburg, 20457, Deutschland",53.5399609,9.962911230329595,Hamburg-Mitte
"Luftschutzturm Reiherdamm, Reiherdamm, Hamburg-Mitte, Steinwerder, Hamburg, 20457, Deutschland",53.53554355,9.9691866,Steinwerder
"Reiherstraße, Steinwerder, Hamburg, 20457, Deutschland",53.537709315791325,9.975786137841954,Steinwerder
"Arningstraße, Steinwerder, Hamburg, 20457, Deutschland",53.53707235,9.985281024659136,Steinwerder
"Quartier Strandkai, HafenCity, Hamburg, 20457, Deutschland",53.5393524,9.990344928254066,HafenCity
"Chicagokai, Quartier Elbtorquartier, HafenCity, Hamburg, 20457, Deutschland",53.53884755,10.000125238941482,HafenCity
"Schuppen 29, Baakenhafenbrücke, Quartier Baakenhafen, HafenCity, Hamburg, 20457, Deutschland",53.5382803,10.006189077360768,HafenCity
"Baakenallee, Quartier Baakenhafen, HafenCity, Hamburg, 20457, Deutschland",53.537368510047216,10.014592364243446,HafenCity
"Versmannstraße, Quartier Elbbrücken, HafenCity, Hamburg, 20457, Deutschland",53.53832647805597,10.022221145973162,HafenCity
"Billhorner Röhrendamm, Rothenburgsort, Hamburg, 20539, Deutschland",53.53895782166913,10.029860106902097,Rothenburgsort
"Cornelia-Harte-Straße, Billebogen, Rothenburgsort, Hamburg-Mitte, Hamburg, 20539, Deutschland",53.53926359188783,10.03734039608995,Hamburg-Mitte
"94-96, Billstraße, Rothenburgsort, Hamburg-Mitte, Hamburg, 20539, Deutschland",53.5395473,10.0450977,Hamburg-Mitte
"88, Großmannstraße, Rothenburgsort, Hamburg-Mitte, Hamburg, 20539, Deutschland",53.5394821,10.0523868,Hamburg-Mitte
"73, Mühlenhagen, Rothenburgsort, Hamburg-Mitte, Hamburg, 20539, Deutschland",53.539808949999994,10.059610349999996,Hamburg-Mitte
"Dock Elbe 17, Am Elbtunnel, Blohm + Voss, Hamburg-Mitte, Steinwerder, Hamburg, 20457, Deutschland",53.5418119,9.963237151456855,Steinwerder
"Hermann-Blohm-Straße, Steinwerder, Hamburg-Mitte, Hamburg, 20457, Deutschland",53.53960611341114,9.965727607649045,Hamburg-Mitte
"Stage Theater im Hafen Hamburg, 6, Norderelbstraße, Steinwerder, Hamburg, 20457, Deutschland",53.5398936,9.973247830471776,Steinwerder
"City Sporthafen Hamburg, Willy-Bartels-Steg, Neustadt, Hamburg, 20459, Deutschland",53.5430778,9.980462461322302,Neustadt
"Dalmannkai, Quartier Am Sandtorkai/Dalmannkai, HafenCity, Hamburg, 20457, Deutschland",53.54088295,9.989179718868158,HafenCity
"Heizkraftwerk Hafencity, 1, Am Dalmannkai, Quartier Am Sandtorpark/Grasbrook, HafenCity, Hamburg, 20457, Deutschland",53.541059950000005,9.995827428235994,HafenCity
"Shanghaiallee, Quartier Elbtorquartier, HafenCity, Hamburg, 20457, Deutschland",53.54168930361194,10.003281177876312,HafenCity
"Güterhalle 4, Stadtdeich, Hammerbrook, Hamburg, 20097, Deutschland",53.543097599999996,10.009025819631415,Hammerbrook
"MEHR! Theater am Großmarkt, Amsinckstraße, Hammerbrook, Hamburg, 20097, Deutschland",53.54279615,10.01674581261874,Hammerbrook
"70, Amsinckstraße, Hammerbrook, Hamburg, 20097, Deutschland",53.5424141,10.025092900000004,Hammerbrook
"Schwarze Brücke, Heidenkampsweg, Hamburg-Mitte, Hammerbrook, Hamburg, 20097, Deutschland",53.542347500000005,10.032878313450015,Hammerbrook
"32, Billwerder Steindamm, Hammerbrook, Hamburg-Mitte, Hamburg, 20537, Deutschland",53.5434968,10.04065745,Hamburg-Mitte
"Bullenhuser Damm, Rothenburgsort, Hamburg-Mitte, Hamburg, 20539, Deutschland",53.542145760562875,10.047929396988678,Hamburg-Mitte
"Ausschläger Billdeich, Kleingartenverein 114 Gartenkolonie Billerhude, Rothenburgsort, Hamburg-Mitte, Hamburg, 20539, Deutschland",53.5433212364084,10.055719934877198,Hamburg-Mitte
"Schrebernest I, Kleingartenverein 114 Gartenkolonie Billerhude, Rothenburgsort, Hamburg-Mitte, Hamburg, 20539, Deutschland",53.54378781700207,10.063384487682438,Hamburg-Mitte
"Am Altonaer Holzhafen, Altona-Altstadt, Altona, Hamburg, 22767, Deutschland",53.5442202,9.945906405632675,Altona
"Altona (Fischmarkt), Fischmarkt, Altona-Altstadt, Altona, Hamburg, 22767, Deutschland",53.5439852,9.9521859,Altona
"Dock Elbe 17, Am Elbtunnel, Blohm + Voss, Hamburg-Mitte, Steinwerder, Hamburg, 20457, Deutschland",53.5418119,9.963237151456855,Steinwerder
"Landungsbrücken Kaffee- und Tee-Kontor, Brücke 4, Karolinenviertel, Hamburg-Mitte, St. Pauli, Hamburg, 20359, Deutschland",53.5452118,9.9687047,St. Pauli
"Rundturm 'Vorsetzen 70', 70, Vorsetzen, Neustadt, Hamburg, 20459, Deutschland",53.544154000000006,9.976499752683765,Neustadt
"Otto-Sill-Brücke, Neustadt, Hamburg, 20459, Deutschland",53.544624999999996,9.983704767161694,Neustadt
"15, Reimerstwiete, Altstadt, Hamburg, 20457, Deutschland",53.54487975,9.991220363669065,Altstadt
"Block U, 4, Holländischer Brook, Quartier Brooktorkai/Ericus, HafenCity, Hamburg, 20457, Deutschland",53.54529665,9.998702838193472,HafenCity
"Haus der Photographie, Deichtorstraße, Altstadt, Hamburg, 20095, Deutschland",53.5463174,10.006202372736333,Altstadt
"Prizeotel Hamburg City, 28, Högerdamm, Hammerbrook, Hamburg, 20097, Deutschland",53.5457586,10.013981657604138,Hammerbrook
"41-45, Nagelsweg, Hammerbrook, Hamburg, 20097, Deutschland",53.54599705,10.0209312733755,Hammerbrook
"72-76, Heidenkampsweg, Hammerbrook, Hamburg, 20097, Deutschland",53.5463826,10.029134838233125,Hammerbrook
"133, Süderstraße, Hammerbrook, Hamburg-Mitte, Hamburg, 20537, Deutschland",53.5470737,10.03579770608178,Hamburg-Mitte
"Marmor-Möller, Hammer Deich, Hamm, Hamburg-Mitte, Hamburg, 20537, Deutschland",53.5471961,10.043995531841215,Hamburg-Mitte
"Störtebeker-Haus, Borstelmannsweg, Hamburg-Mitte, Hamm, Hamburg, 20537, Deutschland",53.547324599999996,10.051242591827757,Hamm
"12, Osterbrookplatz, Hamm, Hamburg-Mitte, Hamburg, 20537, Deutschland",53.5475401,10.0588254,Hamburg-Mitte
"Vereinshaus, Alemannenweg, Gartenbauverein 128 Rückersweg, Hamburg-Mitte, Hamm, Hamburg, 20537, Deutschland",53.547771749999995,10.066855442803208,Hamm
"Steubenstraße, Kleingartenverein 142 Horner Marsch, Horn, Hamburg, 22111, Deutschland",53.54834943789398,10.073954734016619,Horn
"5, Behnstraße, Altona-Altstadt, Altona, Hamburg, 22767, Deutschland",53.5467004,9.941999214981447,Altona
"60, Breite Straße, Altona-Altstadt, Altona, Hamburg, 22767, Deutschland",53.5465151,9.9501394,Altona
"5, Hein-Köllisch-Platz, Altona-Altstadt, Altona, Hamburg, 20359, Deutschland",53.5473477,9.957044612431524,Altona
"0411;0412;0413, Gebrüder-Wolf-Platz, Karolinenviertel, Hamburg-Mitte, St. Pauli, Hamburg, 20359, Deutschland",53.5471426,9.9640578,St. Pauli
"Seewartenstraße, Neustadt, Hamburg, 20459, Deutschland",53.54750539051824,9.972032023083047,Neustadt
"Hauptkirche St. Michaelis, 1 A, Englische Planke, Neustadt, Hamburg, 20459, Deutschland",53.54842775,9.97888937765558,Neustadt
"U-Rödingsmarkt, Rödingsmarkt, Altstadt, Hamburg, 20457, Deutschland",53.548527,9.9870709,Altstadt
"Oppermann, Pelzerstraße, Altstadt, Hamburg, 20095, Deutschland",53.5489249,9.9946753,Altstadt
"5, Burchardplatz, Altstadt, Hamburg, 20095, Deutschland",53.5489992,10.002448906910452,Altstadt
"Smartments Hühnerposten Albrecht Mendelsohn-Bartholdy Haus, 12, Hühnerposten, Hammerbrook, Hamburg, 20097, Deutschland",53.54960845,10.009608254209311,Hammerbrook
"81, Spaldingstraße, Hammerbrook, Hamburg, 20097, Deutschland",53.549722599999996,10.01715697425967,Hammerbrook
"26, Wandalenweg, Hammerbrook, Hamburg, 20097, Deutschland",53.5500301,10.0245826,Hammerbrook
"24, Normannenweg, Borgfelde, Hamburg-Mitte, Hamburg, 20537, Deutschland",53.5506333,10.031730514439356,Hamburg-Mitte
"279, Wendenstraße, Hammerbrook, Hamburg-Mitte, Hamburg, 20537, Deutschland",53.55092795,10.039704801853851,Hamburg-Mitte
"379, Wendenstraße, Hamm, Hamburg-Mitte, Hamburg, 20537, Deutschland",53.5508984,10.047064,Hamburg-Mitte
"596, Eiffestraße, Hamm, Hamburg-Mitte, Hamburg, 20537, Deutschland",53.5513375,10.0542358,Hamburg-Mitte
"66, Dobbelersweg, Hamm, Hamburg-Mitte, Hamburg, 20537, Deutschland",53.5516584,10.0622913,Hamburg-Mitte
"Škoda Hamburg, 20, Horner Landstraße, Horn, Hamburg-Mitte, Hamburg, 22111, Deutschland",53.5525046,10.069713973361171,Hamburg-Mitte
"43, Beim Rauhen Hause, Horn, Hamburg-Mitte, Hamburg, 22111, Deutschland",53.5523194,10.0772616,Hamburg-Mitte
"11, Jessenstraße, Altona-Altstadt, Altona, Hamburg, 22767, Deutschland",53.550609249999994,9.944789119318157,Altona
"17, Louise-Schroeder-Straße, Altona-Altstadt, Altona, Hamburg, 22767, Deutschland",53.551628,9.953224813657133,Altona
"31, Talstraße, Karolinenviertel, Hamburg-Mitte, St. Pauli, Hamburg, 20359, Deutschland",53.5510382,9.9599867,St. Pauli
"10, Budapester Straße, Karolinenviertel, St. Pauli, Hamburg-Mitte, Hamburg, 20359, Deutschland",53.551546349999995,9.967572144097552,Hamburg-Mitte
"14-15, Holstenwall, Neustadt, Hamburg, 20355, Deutschland",53.5519811,9.97564871832369,Neustadt
"2, Rademachergang, Neustadt, Hamburg, 20355, Deutschland",53.5521585,9.9827822,Neustadt
"Alte Post, 11, Poststraße, Neustadt, Hamburg, 20354, Deutschland",53.552727250000004,9.990126329360397,Neustadt
"Hapag-Lloyd, 25, Ballindamm, Altstadt, Hamburg, 20095, Deutschland",53.553353349999995,9.99806818943134,Altstadt
"Hamburg Hauptbahnhof, Glockengießerwall, St. Georg, Hamburg, 20095, Deutschland",53.55298445,10.00675685852919,St. Georg
"32, Steindamm, St. Georg, Hamburg, 20099, Deutschland",53.553578900000005,10.012792391052628,St. Georg
"2, , St. Georg, Hamburg, 20099, Deutschland",53.553529350000005,10.020319476168648,St. Georg
"Studentenwohnheim - Gustav Radbruch, Borgfelder Straße, Hamburg-Mitte, Borgfelde, Hamburg, 20537, Deutschland",53.5535695,10.029147740157494,Borgfelde
"64, Borgfelder Straße, Borgfelde, Hamburg-Mitte, Hamburg, 20537, Deutschland",53.5547012,10.0354624,Hamburg-Mitte
"2, Beltgens Garten, Hamm, Hamburg-Mitte, Hamburg, 20537, Deutschland",53.5550587,10.0431614,Hamburg-Mitte
"1, Luisenweg, Hamm, Hamburg-Mitte, Hamburg, 20537, Deutschland",53.5550661,10.0506547,Hamburg-Mitte
"Friedhof an der Dreifaltigkeitskirche, Horner Weg, Hamburg-Mitte, Hamm, Hamburg, 20535, Deutschland",53.555791299999996,10.05764959641991,Hamm
"1, Mettlerkampsweg, Hamburg-Mitte, Hamm, Hamburg, 20535, Deutschland",53.5557469,10.0657963,Hamm
"40, Snitgerreihe, Horn, Hamburg-Mitte, Hamburg, 22111, Deutschland",53.5562403,10.072992,Hamburg-Mitte
"66, Max-Brauer-Allee, Altona-Altstadt, Altona, Hamburg, 22765, Deutschland",53.5544304,9.9410824,Altona
"76, Virchowstraße, Altona-Altstadt, Altona, Hamburg, 22767, Deutschland",53.5548231,9.9485501,Altona
"62, Gilbertstraße, Karolinenviertel, St. Pauli, Altona, Hamburg, 22767, Deutschland",53.5551763,9.955922255343307,Altona
"Struensee Gymnasium, Paulinenplatz, Karolinenviertel, Hamburg-Mitte, St. Pauli, Hamburg, 20359, Deutschland",53.555297100000004,9.963235419452076,St. Pauli
"Heiligengeistfeld, Glacischaussee, Karolinenviertel, St. Pauli, Hamburg, 20359, Deutschland",53.55406175,9.970727738526076,St. Pauli
"Wassertreppen, Sievekingplatz, Neustadt, Hamburg, 20355, Deutschland",53.5564747,9.9795017,Neustadt
"7, Drehbahn, Neustadt, Hamburg, 20354, Deutschland",53.55623145,9.986429678881333,Neustadt
"Binnenalster, Lombardsbrücke, Neustadt, Hamburg, 20354, Deutschland",53.554805599999995,9.995269357450173,Neustadt
"Kennedybrücke, St. Georg, Hamburg, 20099, Deutschland",53.55727354376738,10.001193665712512,St. Georg
"5, Koppel, St. Georg, Hamburg, 20099, Deutschland",53.557228699999996,10.008793080555314,St. Georg
"Stadtteilschule Hamburg-Mitte, Standort Lohmühle, 30, Bülaustraße, St. Georg, Hamburg, 20099, Deutschland",53.5580149,10.016047472922331,St. Georg
"Staatliche Handelsschule Am Lämmermarkt H2, 2, Wallstraße, Hohenfelde, Hamburg-Nord, Hamburg, 22087, Deutschland",53.557756499999996,10.023327867740859,Hamburg-Nord
"Sankt-Ansgar-Schule, 33, Bürgerweide, Hamburg-Mitte, Borgfelde, Hamburg, 20535, Deutschland",53.55781055,10.031340482681184,Borgfelde
"49, Burgstraße, Borgfelde, Hamburg-Mitte, Hamburg, 20535, Deutschland",53.5586388,10.0388024,Hamburg-Mitte
"Christuskirche Hamm, 59, Carl-Petersen-Straße, Hamburg-Mitte, Hamm, Hamburg, 20535, Deutschland",53.558657499999995,10.046402663888887,Hamm
"SV St. Georg, Moorende, Hamburg-Mitte, Hamm, Hamburg, 20535, Deutschland",53.558616549999996,10.053554582786656,Hamm
"26, Fahrenkamp, Hamm, Hamburg-Mitte, Hamburg, 20535, Deutschland",53.55959455,10.061199942441132,Hamburg-Mitte
"Hammer Straße, Marienthal, Wandsbek, Hamburg, 22111, Deutschland",53.55969000184882,10.068926945186055,Wandsbek
"Grundschule Horn, 61, Rhiemsweg, Hamburg-Mitte, Horn, Hamburg, 22111, Deutschland",53.559497750000006,10.074672481736034,Horn
"Edeka, 81C, Harkortstraße, Altona-Nord, Altona, Hamburg, 22765, Deutschland",53.55807555,9.93702655256827,Altona
"Viktoria-Kaserne, Zeiseweg, Altona-Nord, Altona, Hamburg, 22765, Deutschland",53.5584723,9.944598101498045,Altona
"184c, Max-Brauer-Allee, Altona-Altstadt, Altona, Hamburg, 22765, Deutschland",53.55914245,9.95200275180001,Altona
"Adolphpassage, Karolinenviertel, St. Pauli, Altona, Hamburg, 22767, Deutschland",53.55914262155351,9.959344308764305,Altona
"51, Sternstraße, Sternschanze, Altona, Hamburg, 20357, Deutschland",53.5595156,9.966761096635544,Altona
"29 - 4, Karolinenstraße, Karolinenviertel, St. Pauli, Hamburg-Mitte, Hamburg, 20357, Deutschland",53.55985255,9.974355077012707,Hamburg-Mitte
"Planten un Blomen, Mathildenstraße, Karolinenviertel, Hamburg-Mitte, St. Pauli, Hamburg, 20357, Deutschland",53.5619728,9.981362672930555,St. Pauli
"Dag-Hammarskjöld-Brücke, Marseiller Straße, Neustadt, Hamburg, 20354, Deutschland",53.55988095,9.989519856244417,Neustadt
"Der Hamburger und Germania Ruder Club, 21, Alsterufer, Rotherbaum, Eimsbüttel, Hamburg, 20354, Deutschland",53.56081985,9.997393627503651,Eimsbüttel
"barca, 67a, An der Alster, St. Georg, Hamburg, 20099, Deutschland",53.5585423,10.005513867930024,St. Georg
"Kajüte, 10a, An der Alster, St. Georg, Hamburg, 20099, Deutschland",53.5610587,10.0125105,St. Georg
"27, Ekhofstraße, Hohenfelde, Hamburg-Nord, Hamburg, 22087, Deutschland",53.5617374,10.0197668,Hamburg-Nord
"10, Richardallee, Hohenfelde, Hamburg-Nord, Hamburg, 22087, Deutschland",53.561292,10.0265716,Hamburg-Nord
"Wohnunterkunft Freiligrathstraße, 1, Freiligrathstraße, Hohenfelde, Hamburg-Nord, Hamburg, 22087, Deutschland",53.56232025,10.034343138350778,Hamburg-Nord
"58, Hirschgraben, Auenviertel, Eilbek, Wandsbek, Hamburg, 22089, Deutschland",53.56246415,10.042691112033555,Wandsbek
"88a, Marienthaler Straße, Hamburg-Mitte, Hamm, Hamburg, 20535, Deutschland",53.5628484,10.0496878,Hamm
"62, Griesstraße, Hamm, Hamburg-Mitte, Hamburg, 20535, Deutschland",53.5631066,10.057191,Hamburg-Mitte
"Hamburg-Horn, Quellenweg, Hamburg-Mitte, Hamm, Hamburg, 20535, Deutschland",53.5630187,10.0644489,Hamm
"10, Am Husarendenkmal, Marienthal, Wandsbek, Hamburg, 22043, Deutschland",53.563610100000005,10.072087499999999,Wandsbek
"7, Nöpps, Marienthal, Wandsbek, Hamburg, 22043, Deutschland",53.56374785,10.079906070354028,Wandsbek
"1a, Eduard-Duckesz-Straße, Altona-Nord, Altona, Hamburg, 22765, Deutschland",53.5622373,9.939903050102043,Altona
"English Books and British Foods, 169, Stresemannstraße, Altona-Nord, Altona, Hamburg, 22769, Deutschland",53.5626885,9.947548,Altona
"32, Oelkersallee, Altona-Nord, Altona, Hamburg, 22769, Deutschland",53.562910849999994,9.955128437422353,Altona
"20, Rosenhofstraße, Sternschanze, Altona, Hamburg, 20357, Deutschland",53.56314625,9.96216346104072,Altona
"3, Sternschanze, Altona, Hamburg, 20357, Deutschland",53.563888399999996,9.969822950000001,Altona
"Ungegenständlich, Tiergartenstraße, Karolinenviertel, St. Pauli, Hamburg, 20355, Deutschland",53.5634828,9.9782978,St. Pauli
"3, Von-Melle-Park, Rotherbaum, Eimsbüttel, Hamburg, 20146, Deutschland",53.564279850000005,9.985432309847264,Eimsbüttel
"6, Heimhuder Straße, Rotherbaum, Eimsbüttel, Hamburg, 20148, Deutschland",53.5645803,9.992966809981077,Eimsbüttel
"Alsterufer, Rotherbaum, Eimsbüttel, Hamburg, 20148, Deutschland",53.56516067953263,9.999725366693715,Eimsbüttel
"Außenalster, Schöne Aussicht, Uhlenhorst, Hamburg-Nord, Hamburg, 22085, Deutschland",53.5689488,10.007305547125247,Hamburg-Nord
"Hohenfelde, Hamburg-Nord, Hamburg, 22087, Deutschland",53.56469705,10.015374125673166,Hamburg-Nord
"HAW Hamburg, Design, 24, Armgartstraße, Hohenfelde, Hamburg-Nord, Hamburg, 22087, Deutschland",53.565095,10.02245749733584,Hamburg-Nord
"Kuhmühlenteich, Lessingstraße, Hohenfelde, Hamburg-Nord, Hamburg, 22087, Deutschland",53.5663627,10.02878395261427,Hamburg-Nord
"33a, Wandsbeker Chaussee, Auenviertel, Eilbek, Wandsbek, Hamburg, 22089, Deutschland",53.5662351,10.0381409,Wandsbek
"Tilemann-Hort, 29, Ritterstraße, Auenviertel, Eilbek, Wandsbek, Hamburg, 22089, Deutschland",53.56675335,10.04537415643204,Wandsbek
"10, Tonistraße, Auenviertel, Eilbek, Wandsbek, Hamburg, 22089, Deutschland",53.56683565,10.052338712041657,Wandsbek
"Hammonia-Kontor, Pappelallee, Auenviertel, Eilbek, Wandsbek, Hamburg, 22089, Deutschland",53.5672594,10.060100843862575,Wandsbek
"2, Claudiusstieg, Marienthal, Wandsbek, Hamburg, 22043, Deutschland",53.56745925,10.068010309694667,Wandsbek
"Haus Marienthal Seniorenpflegepension, Ziesenißstraße, Marienthal, Wandsbek, Hamburg, 22043, Deutschland",53.5681254,10.075333127342088,Wandsbek
"Plöner Straße 10, 22769 Hamburg, Plöner Straße, Altona-Nord, Altona, Hamburg, 22769, Deutschland",53.5657705,9.9356853,Altona
"Agentur für Arbeit Hamburg, Augustenburger Straße, Altona-Nord, Altona, Hamburg, 22769, Deutschland",53.5659052,9.943490363275366,Altona
"87, Langenfelder Straße, Altona-Nord, Altona, Hamburg, 22769, Deutschland",53.566781950000006,9.950716702747863,Altona
"6, Bellealliancestraße, Eimsbüttel, Hamburg, 20259, Deutschland",53.56688495,9.958283853079958,Eimsbüttel
"Kraine Goldberger, Agathenstraße, Eimsbüttel, Hamburg, 20357, Deutschland",53.5671995,9.9659322,Eimsbüttel
"Universität Hamburg, Grindelallee, Rotherbaum, Eimsbüttel, Hamburg, 20146, Deutschland",53.56778265,9.97405144443411,Eimsbüttel
"104, Grindelallee, Rotherbaum, Eimsbüttel, Hamburg, 20146, Deutschland",53.5677568,9.980903567940432,Eimsbüttel
"55, Rothenbaumchaussee, Rotherbaum, Eimsbüttel, Hamburg, 20148, Deutschland",53.5682265,9.988007949698794,Eimsbüttel
"152, Mittelweg, Rotherbaum, Eimsbüttel, Hamburg, 20148, Deutschland",53.5685212,9.995950144349052,Eimsbüttel
"Außenalster, Schöne Aussicht, Uhlenhorst, Hamburg-Nord, Hamburg, 22085, Deutschland",53.5689488,10.007305547125247,Hamburg-Nord
"Außenalster, Schöne Aussicht, Uhlenhorst, Hamburg-Nord, Hamburg, 22085, Deutschland",53.5689488,10.007305547125247,Hamburg-Nord
"6, Hofweg, Uhlenhorst, Hamburg-Nord, Hamburg, 22085, Deutschland",53.569359649999996,10.01811783873376,Hamburg-Nord
"61,63, Mundsburger Damm, Uhlenhorst, Hamburg-Nord, Hamburg, 22087, Deutschland",53.5700176,10.026050726202145,Hamburg-Nord
"12, Dorothea-Bernstein-Weg, Uhlenhorst, Hamburg-Nord, Hamburg, 22081, Deutschland",53.5698482,10.0336593,Hamburg-Nord
"125, Blumenau, Auenviertel, Eilbek, Wandsbek, Hamburg, 22089, Deutschland",53.5695441,10.0407333,Wandsbek
"36, Maxstraße, Auenviertel, Eilbek, Wandsbek, Hamburg, 22089, Deutschland",53.5705566,10.048731599999996,Wandsbek
"91, Schellingstraße, Auenviertel, Eilbek, Wandsbek, Hamburg, 22089, Deutschland",53.5712523,10.0570108,Wandsbek
"43, Wandsbeker Marktstraße, Wandsbek, Hamburg, 22041, Deutschland",53.5714007,10.063746588164346,Wandsbek
"Robert-Schuman-Brücke, Marienthal, Wandsbek, Hamburg, 22041, Deutschland",53.57169667109325,10.071348021713984,Wandsbek
"Neubau, Kneesestraße, Wandsbek, Hamburg, 22041, Deutschland",53.57185145,10.078868230634928,Wandsbek
"16, Waidmannstraße, Altona-Nord, Altona, Hamburg, 22769, Deutschland",53.569304849999995,9.940394125561333,Altona
"8, Hoherade, Altona-Nord, Eimsbüttel, Hamburg, 20257, Deutschland",53.5702551,9.94686919340602,Eimsbüttel
"Shell, 95, Fruchtallee, Eimsbüttel, Hamburg, 20259, Deutschland",53.57052675,9.95407959296427,Eimsbüttel
"Isebek-Grünzug, Von-der-Tann-Straße, Eimsbüttel, Hamburg, 20259, Deutschland",53.5719266,9.962657997184634,Eimsbüttel
"Moorkamp, Eimsbüttel, Hamburg, 20357, Deutschland",53.57136859642018,9.96917931618009,Eimsbüttel
"3, Bogenstraße, Harvestehude, Eimsbüttel, Hamburg, 20144, Deutschland",53.5715317,9.97687055533952,Eimsbüttel
"89-1, Grindelhof, Rotherbaum, Eimsbüttel, Hamburg, 20146, Deutschland",53.5716904,9.983942092725243,Eimsbüttel
"Schule Turmweg, 33, Turmweg, Rotherbaum, Eimsbüttel, Hamburg, 20148, Deutschland",53.5718472,9.992110872021485,Eimsbüttel
"Harvestehuder Weg, Rotherbaum, Eimsbüttel, Hamburg, 20148, Deutschland",53.57259912765811,9.999607184232236,Eimsbüttel
"Außenalster, Schöne Aussicht, Uhlenhorst, Hamburg-Nord, Hamburg, 22085, Deutschland",53.5689488,10.007305547125247,Hamburg-Nord
"8, Gustav-Freytag-Straße, Uhlenhorst, Hamburg-Nord, Hamburg, 22085, Deutschland",53.57331315,10.01422119989093,Hamburg-Nord
"63a, Kanalstraße, Uhlenhorst, Hamburg-Nord, Hamburg, 22085, Deutschland",53.57328595,10.021944341308174,Hamburg-Nord
"1d, Bartholomäusstraße, Barmbek-Süd, Hamburg-Nord, Hamburg, 22083, Deutschland",53.57384089999999,10.02961224931422,Hamburg-Nord
"20-24, Klinikweg, Barmbek-Süd, Hamburg-Nord, Hamburg, 22081, Deutschland",53.5740299,10.0369278,Hamburg-Nord
"52, Von-Essen-Straße, Barmbek-Süd, Hamburg-Nord, Hamburg, 22081, Deutschland",53.5743801,10.0445245,Hamburg-Nord
"10, Elfriede-Lohse-Wächtler-Weg, Barmbek-Süd, Hamburg-Nord, Hamburg, 22081, Deutschland",53.57472525,10.051625309853643,Hamburg-Nord
"Mühlenteich, Wandsbeker Königstraße, Dulsberg, Hamburg-Nord, Hamburg, 22049, Deutschland",53.575331500000004,10.06055623707671,Hamburg-Nord
"21, Litzowstraße, Wandsbek, Hamburg, 22041, Deutschland",53.5756788,10.0673124,Wandsbek
"Gilde Bowling, Wandsbeker Zollstraße, Wandsbek, Hamburg, 22041, Deutschland",53.57578465,10.0747472882623,Wandsbek
"Ziegelteich, Holstenkamp, Stellingen, Eimsbüttel, Hamburg, 22525, Deutschland",53.57447875,9.935251696042744,Eimsbüttel
"Schule Rellinger Straße, 13, 15, Rellinger Straße, Eimsbüttel, Hamburg, 20257, Deutschland",53.57376575,9.9414658355767,Eimsbüttel
"Louis Lübeck, Heußweg, Eimsbüttel, Hamburg, 20257, Deutschland",53.5743781,9.9499682,Eimsbüttel
"45, Osterstraße, Eimsbüttel, Hamburg, 20259, Deutschland",53.574751649999996,9.957325163273126,Eimsbüttel
"50, Bismarckstraße, Eimsbüttel, Hamburg, 20259, Deutschland",53.574753349999995,9.965170903601916,Eimsbüttel
"Ise Frösche, 56 A, Bogenstraße, Eimsbüttel, Hamburg, 20253, Deutschland",53.57507085,9.972379168704876,Eimsbüttel
"16e/16f, Oberstraße, Harvestehude, Eimsbüttel, Hamburg, 20144, Deutschland",53.5756691,9.9799639,Eimsbüttel
"65, Werderstraße, Harvestehude, Eimsbüttel, Hamburg, 20149, Deutschland",53.57592755,9.987556037453459,Eimsbüttel
"15, Sophienterrasse, Harvestehude, Eimsbüttel, Hamburg, 20149, Deutschland",53.576122850000004,9.995058818172884,Eimsbüttel
"Hundeauslaufzone Alstervorland, Fährdamm, Rotherbaum, Eimsbüttel, Hamburg, 20148, Deutschland",53.5744518,10.001022561453002,Eimsbüttel
"Segelsteg Uni HH, 79, Herbert-Weichmann-Straße, Uhlenhorst, Hamburg-Nord, Hamburg, 22085, Deutschland",53.5770446,10.009939420927878,Hamburg-Nord
"31, Schenkendorfstraße, Uhlenhorst, Hamburg-Nord, Hamburg, 22085, Deutschland",53.577041449999996,10.017525042318926,Hamburg-Nord
"Kita Bachstraße, Beethovenstraße, Barmbek-Süd, Hamburg-Nord, Hamburg, 22083, Deutschland",53.5773305,10.025271813400336,Hamburg-Nord
"33, Adolph-Schönfelder-Straße, Barmbek-Süd, Hamburg-Nord, Hamburg, 22083, Deutschland",53.57756195,10.032744444497784,Hamburg-Nord
"Stadtteilrat Barmbek-Süd, Vogelweide, Barmbek-Süd, Hamburg-Nord, Hamburg, 22081, Deutschland",53.5781791,10.0405981,Hamburg-Nord
"Adolph-Schönfelder-Schule, 3, Zeisigstraße, Barmbek-Süd, Hamburg-Nord, Hamburg, 22081, Deutschland",53.57820015,10.04735963700761,Hamburg-Nord
"OP-Zentrum, Grete-Zabe-Weg, Barmbek-Süd, Hamburg-Nord, Hamburg, 22081, Deutschland",53.57823765,10.055108929003715,Hamburg-Nord
"18, Angelnstraße, Dulsberg, Hamburg-Nord, Hamburg, 22049, Deutschland",53.5790367,10.0627759,Hamburg-Nord
"35, Walddörferstraße, Wandsbek, Hamburg, 22041, Deutschland",53.579083749999995,10.070300660799962,Wandsbek
"120, Walddörferstraße, Wandsbek, Hamburg, 22041, Deutschland",53.5795882,10.077822,Wandsbek
"208, Kieler Straße, Eimsbüttel, Hamburg, 22525, Deutschland",53.5778486,9.937793685915436,Eimsbüttel
"17, Rombergstraße, Eimsbüttel, Hamburg, 20255, Deutschland",53.5779892,9.9457348,Eimsbüttel
"Schule Telemannstraße, Heußweg, Eimsbüttel, Hamburg, 20255, Deutschland",53.5784127,9.952566628963499,Eimsbüttel
"16, Unnastraße, Eimsbüttel, Hamburg, 20253, Deutschland",53.5786794,9.960895092259669,Eimsbüttel
"29, Kottwitzstraße, Hoheluft-West, Eimsbüttel, Hamburg, 20253, Deutschland",53.5790366,9.968315577579862,Eimsbüttel
"2, Hoheluftchaussee, Hoheluft-West, Eimsbüttel, Hamburg, 20253, Deutschland",53.579376249999996,9.975723576033666,Eimsbüttel
"55, Parkallee, Harvestehude, Eimsbüttel, Hamburg, 20144, Deutschland",53.57959085,9.983567063342317,Eimsbüttel
"35, Abteistraße, Harvestehude, Eimsbüttel, Hamburg, 20149, Deutschland",53.5800744,9.990869722097155,Eimsbüttel
"Anleger Krugkoppelbrücke, Krugkoppel, Harvestehude, Eimsbüttel, Hamburg, 20149, Deutschland",53.5798951,9.998569770714063,Eimsbüttel
"33, Poelchaukamp, Jarrestadt, Winterhude, Hamburg-Nord, Hamburg, 22301, Deutschland",53.58060655,10.006890258792701,Hamburg-Nord
"10a, Gertigstraße, Jarrestadt, Winterhude, Hamburg-Nord, Hamburg, 22303, Deutschland",53.581023599999995,10.013468873716956,Hamburg-Nord
"143, Weidestraße, Barmbek-Süd, Hamburg-Nord, Hamburg, 22083, Deutschland",53.58113995,10.021052508161002,Hamburg-Nord
"Amtsgericht Hamburg-Barmbek, Spohrstraße, Barmbek-Süd, Hamburg-Nord, Hamburg, 22083, Deutschland",53.5810423,10.02964366038065,Hamburg-Nord
"23, Sentastraße, Barmbek-Süd, Hamburg-Nord, Hamburg, 22083, Deutschland",53.5817872,10.0360635,Hamburg-Nord
"Alfred Diestel Haus, Barmbeker Markt, Barmbek-Süd, Hamburg-Nord, Hamburg, 22081, Deutschland",53.58226355,10.043474837275262,Hamburg-Nord
"25a, Alter Teichweg, Barmbek-Süd, Hamburg-Nord, Hamburg, 22081, Deutschland",53.5826439,10.0512193,Hamburg-Nord
"Dulsberg-Nord, Dulsberg, Hamburg-Nord, Hamburg, 22049, Deutschland",53.582853188821844,10.058570126356008,Hamburg-Nord
"19, Diedenhofer Straße, Dulsberg, Hamburg-Nord, Hamburg, 22049, Deutschland",53.5831156,10.06619147219964,Hamburg-Nord
"10, Friedrich-Ebert-Damm, Wandsbek, Hamburg-Nord, Hamburg, 22049, Deutschland",53.582999,10.073712505119307,Hamburg-Nord
"103, Lutterothstraße, Stellingen, Eimsbüttel, Hamburg, 20255, Deutschland",53.5818262,9.9414247,Eimsbüttel
"67, Eidelstedter Weg, Eimsbüttel, Hamburg, 20255, Deutschland",53.5820371,9.9490087,Eimsbüttel
"122, Stresemannallee, Lokstedt, Eimsbüttel, Hamburg, 22529, Deutschland",53.582324099999994,9.95602580587252,Eimsbüttel
"24, Christian-Förster-Straße, Hoheluft-West, Eimsbüttel, Hamburg, 20253, Deutschland",53.5827945,9.96389582348387,Eimsbüttel
"17, Heider Straße, Hoheluft-Ost, Hamburg-Nord, Hamburg, 20251, Deutschland",53.583073049999996,9.97175174289367,Hamburg-Nord
"Ruth-Olga Lubelsky, Löwenstraße, Hoheluft-Ost, Hamburg-Nord, Hamburg, 20251, Deutschland",53.5835058,9.9791433,Hamburg-Nord
"86, Isestraße, Harvestehude, Eimsbüttel, Hamburg, 20149, Deutschland",53.583591999999996,9.986752508382324,Eimsbüttel
"37, Heilwigstraße, Harvestehude, Eimsbüttel, Hamburg, 20249, Deutschland",53.584217100000004,9.993406545961662,Eimsbüttel
"Rondeelteich, Maria-Louisen-Straße, Winterhude, Hamburg-Nord, Hamburg, 22301, Deutschland",53.58484905,10.00205771611284,Hamburg-Nord
"Goldbekhaus, Moorfuhrtweg, Jarrestadt, Winterhude, Hamburg-Nord, Hamburg, 22301, Deutschland",53.5847767,10.008854092380954,Hamburg-Nord
"31b, Barmbeker Straße, Jarrestadt, Winterhude, Hamburg-Nord, Hamburg, 22303, Deutschland",53.58495455,10.017023560846344,Hamburg-Nord
"4, Hölderlinsallee, Jarrestadt, Winterhude, Hamburg-Nord, Hamburg, 22303, Deutschland",53.5852396,10.0242261,Hamburg-Nord
"3, Flüggestraße, Jarrestadt, Winterhude, Hamburg-Nord, Hamburg, 22303, Deutschland",53.585613,10.031855669460185,Hamburg-Nord
"23b, Witthof, Barmbek-Nord, Hamburg-Nord, Hamburg, 22305, Deutschland",53.5857055,10.0394028,Hamburg-Nord
"36, Fuhlsbüttler Straße, Barmbek-Nord, Hamburg-Nord, Hamburg, 22305, Deutschland",53.5862477,10.04688638344519,Hamburg-Nord
"6, Dohlenweg, Barmbek-Nord, Hamburg-Nord, Hamburg, 22305, Deutschland",53.586543649999996,10.054310609385556,Hamburg-Nord
"11, Augustenburger Ufer, Dulsberg, Hamburg-Nord, Hamburg, 22049, Deutschland",53.5868087,10.0618354,Hamburg-Nord
"Stadtteilschule Alter Teichweg, 200, Alter Teichweg, Dulsberg, Hamburg-Nord, Hamburg, 22049, Deutschland",53.58688925,10.069838618460231,Hamburg-Nord
"Gartenbauverein ""Friedrichstal"" e.V., Hauptweg, Stellingen, Eimsbüttel, Hamburg, 22527, Deutschland",53.5854398,9.9371458,Eimsbüttel
"Studentenwohnheim Hagenbeckstraße, 50-60, Hagenbeckstraße, Stellingen, Eimsbüttel, Hamburg, 22527, Deutschland",53.5863784,9.944658576055488,Eimsbüttel
"13a, Von-Eicken-Straße, Lokstedt, Eimsbüttel, Hamburg, 22529, Deutschland",53.5866762,9.952987753719393,Eimsbüttel
"Lianenweg, Lokstedt, Eimsbüttel, Hamburg, 22529, Deutschland",53.58718420004448,9.958755888601264,Eimsbüttel
"121, Grandweg, Lokstedt, Eimsbüttel, Hamburg, 22529, Deutschland",53.5870746,9.96738833268424,Eimsbüttel
"Grundschule Eppendorf, 58, Löwenstraße, Hoheluft-Ost, Hamburg-Nord, Hamburg, 20251, Deutschland",53.587370750000005,9.97415770338603,Hamburg-Nord
"4034;4035, Lenhartzstraße, Eppendorf, Hamburg-Nord, Hamburg, 20249, Deutschland",53.5874039,9.9826475,Hamburg-Nord
"Kellinghusenstraße, Loogeplatz, Eppendorf, Hamburg-Nord, Hamburg, 20249, Deutschland",53.58877715,9.990776246165055,Hamburg-Nord
"Goernebrücke, Goernestraße, Winterhude, Hamburg-Nord, Hamburg, 22299, Deutschland",53.5882677,9.997288167008197,Hamburg-Nord
"102, Maria-Louisen-Straße, Jarrestadt, Winterhude, Hamburg-Nord, Hamburg, 22301, Deutschland",53.588484300000005,10.004787450000004,Hamburg-Nord
"51, Heidberg, Jarrestadt, Winterhude, Hamburg-Nord, Hamburg, 22301, Deutschland",53.58862435,10.012414983426474,Hamburg-Nord
"44, Goldbekufer, Jarrestadt, Winterhude, Hamburg-Nord, Hamburg, 22303, Deutschland",53.588676,10.0201586,Hamburg-Nord
"Wiesendamm, Jarrestadt, Winterhude, Hamburg-Nord, Hamburg, 22303, Deutschland",53.58854141023678,10.027501319022893,Hamburg-Nord
"Hauptwerkstatt Barmbek, Hellbrookstraße, Barmbek-Nord, Hamburg-Nord, Hamburg, 22305, Deutschland",53.58969525,10.035969075981626,Hamburg-Nord
"113, Hufnerstraße, Barmbek-Nord, Hamburg-Nord, Hamburg, 22305, Deutschland",53.589972849999995,10.042450458514955,Hamburg-Nord
"110, Steilshooper Straße, Barmbek-Nord, Hamburg-Nord, Hamburg, 22305, Deutschland",53.59023777904125,10.050111562875848,Hamburg-Nord
"35, Habichtstraße, Barmbek-Nord, Hamburg-Nord, Hamburg, 22305, Deutschland",53.590400349999996,10.05775243219514,Hamburg-Nord
"164, Bramfelder Straße, Barmbek-Nord, Hamburg-Nord, Hamburg, 22305, Deutschland",53.59168425,10.061034861056466,Hamburg-Nord
"14, Braunsberger Weg, Wandsbek, Hamburg, 22049, Deutschland",53.59117545,10.0728781,Wandsbek
"Mittelweg, Stellingen, Eimsbüttel, Hamburg, 22527, Deutschland",53.589441598016315,9.94036970596797,Eimsbüttel
"107A, Julius-Vosseler-Straße, Lokstedt, Eimsbüttel, Hamburg, 22527, Deutschland",53.5899212,9.947792946074882,Eimsbüttel
"13, Rimbertweg, Lokstedt, Eimsbüttel, Hamburg, 22529, Deutschland",53.5902282,9.9557707,Eimsbüttel
"67c, Grandweg, Lokstedt, Eimsbüttel, Hamburg, 22529, Deutschland",53.590551500000004,9.963355824996668,Eimsbüttel
"Universitätsklinikum Eppendorf, Haynstraße, Eppendorf, Hamburg-Nord, Hamburg, 20251, Deutschland",53.5908711,9.975358391548443,Hamburg-Nord
"Universitätsklinikum Eppendorf, Haynstraße, Eppendorf, Hamburg-Nord, Hamburg, 20251, Deutschland",53.5908711,9.975358391548443,Hamburg-Nord
"24, Schottmüllerstraße, Eppendorf, Hamburg-Nord, Hamburg, 20251, Deutschland",53.5913439,9.985739601673295,Hamburg-Nord
"125, Heilwigstraße, Eppendorf, Hamburg-Nord, Hamburg, 20249, Deutschland",53.591655349999996,9.99336100487918,Hamburg-Nord
"7, Flemingstraße, Winterhude, Hamburg-Nord, Hamburg, 22299, Deutschland",53.59219295,10.000845831274606,Hamburg-Nord
"144d, Maria-Louisen-Straße, Jarrestadt, Winterhude, Hamburg-Nord, Hamburg, 22301, Deutschland",53.59236975,10.0083334289647,Hamburg-Nord
"Otto-Wels-Straße, Jarrestadt, Winterhude, Hamburg-Nord, Hamburg, 22303, Deutschland",53.59250456328688,10.015369531461486,Hamburg-Nord
"Stadtparksee, Landhausweg, Jarrestadt, Winterhude, Hamburg-Nord, Hamburg, 22303, Deutschland",53.59324525,10.025408802442726,Hamburg-Nord
"65, Saarlandstraße, Jarrestadt, Winterhude, Hamburg-Nord, Hamburg, 22303, Deutschland",53.5935062,10.03119692117171,Hamburg-Nord
"Schule Genslerstraße, 33, Genslerstraße, Barmbek-Nord, Hamburg-Nord, Hamburg, 22307, Deutschland",53.593355849999995,10.03907532588207,Hamburg-Nord
"Spielplatz Schwalbenplatz, Heidhörn, Barmbek-Nord, Hamburg-Nord, Hamburg, 22307, Deutschland",53.59418525,10.046215634511043,Hamburg-Nord
"24, Schlicksweg, Barmbek-Nord, Hamburg-Nord, Hamburg, 22307, Deutschland",53.5942528,10.0534835,Hamburg-Nord
"26, Bramfelder Chaussee, Bramfeld, Wandsbek, Hamburg, 22177, Deutschland",53.59465095,10.060929906364102,Wandsbek
"Wichelkamp, Barmbek-Nord, Hamburg-Nord, Hamburg, 22305, Deutschland",53.5948275479551,10.06857117838517,Hamburg-Nord
"22-24, Max-Tau-Straße, Lokstedt, Eimsbüttel, Hamburg, 22529, Deutschland",53.59400635,9.951336702758276,Eimsbüttel
"2b, An der Lohbek, Lokstedt, Eimsbüttel, Hamburg, 22529, Deutschland",53.5941749,9.9589574,Eimsbüttel
"Brunsberg, Lokstedt, Eimsbüttel, Hamburg, 22529, Deutschland",53.594501048448016,9.966465296756894,Eimsbüttel
"6, Münsterstraße, Eppendorf, Eimsbüttel, Hamburg, 22529, Deutschland",53.594797,9.974085800000001,Eimsbüttel
"23, Kegelhofstraße, Eppendorf, Hamburg-Nord, Hamburg, 20251, Deutschland",53.5950106,9.981618080048595,Hamburg-Nord
"162,164, Eppendorfer Landstraße, Eppendorf, Hamburg-Nord, Hamburg, 20251, Deutschland",53.59527045,9.988554354425112,Hamburg-Nord
"Grundschule Alsterdorfer Straße, 39, Alsterdorfer Straße, Winterhude, Hamburg-Nord, Hamburg, 22299, Deutschland",53.5961486,9.996299931758669,Hamburg-Nord
"Linneweg, Jarrestadt, Winterhude, Hamburg-Nord, Hamburg, 22299, Deutschland",53.59599370437068,10.00484111691618,Hamburg-Nord
"Skatplatzweg, Jarrestadt, Winterhude, Hamburg-Nord, Hamburg, 22303, Deutschland",53.595659497576726,10.010996925646573,Hamburg-Nord
"Grillzone, Ententeichweg, Jarrestadt, Winterhude, Hamburg-Nord, Hamburg, 22297, Deutschland",53.59752885,10.018264646313273,Hamburg-Nord
"THC Horn-Hamm, Platanenallee, Jarrestadt, Winterhude, Hamburg-Nord, Hamburg, 22303, Deutschland",53.598224450000004,10.029921563484749,Hamburg-Nord
"Feldahornweg, Jarrestadt, Winterhude, Hamburg-Nord, Hamburg, 22303, Deutschland",53.597107006745134,10.034226273429221,Hamburg-Nord
"273, Fuhlsbüttler Straße, Barmbek-Nord, Hamburg-Nord, Hamburg, 22307, Deutschland",53.59791825,10.041973381677671,Hamburg-Nord
"Jugendclub Barmbek, 17, Wittenkamp, Barmbek-Nord, Hamburg-Nord, Hamburg, 22307, Deutschland",53.59754205,10.04891439814698,Hamburg-Nord
"4, Maybachstraße, Bramfeld, Wandsbek, Hamburg, 22177, Deutschland",53.5983317,10.0569036,Wandsbek
"20, Erlenstraße, Lokstedt, Eimsbüttel, Hamburg, 22529, Deutschland",53.597966299999996,9.954753313951112,Eimsbüttel
"20c, Bei der Lutherbuche, Lokstedt, Eimsbüttel, Hamburg, 22529, Deutschland",53.59811965,9.962056273812461,Eimsbüttel
"59, Osterfeldstraße, Lokstedt, Eimsbüttel, Hamburg, 22529, Deutschland",53.5986568,9.969699349999999,Eimsbüttel
"12, Osterfeldstraße, Eppendorf, Eimsbüttel, Hamburg, 22529, Deutschland",53.5983845,9.976910850959161,Eimsbüttel
"120, Tarpenbekstraße, Eppendorf, Hamburg-Nord, Hamburg, 20251, Deutschland",53.5991925,9.9844164,Hamburg-Nord
"Lattenkamp-Spielplatz, Meenkwiese, Winterhude, Hamburg-Nord, Hamburg, 22299, Deutschland",53.59995025,9.992002035690028,Hamburg-Nord
"30, Efeuweg, Winterhude, Hamburg-Nord, Hamburg, 22299, Deutschland",53.59982805,9.99978999269341,Hamburg-Nord
"4a, Jahnring, Jarrestadt, Winterhude, Hamburg-Nord, Hamburg, 22297, Deutschland",53.5998971,10.0072988,Hamburg-Nord
"Jahnring, Jarrestadt, Winterhude, Hamburg-Nord, Hamburg, 22297, Deutschland",53.60018524591823,10.014961914033497,Hamburg-Nord
"Jahnring, Jarrestadt, Winterhude, Hamburg-Nord, Hamburg, 22297, Deutschland",53.60052088326186,10.022450579873173,Hamburg-Nord
"Allianz, Caracasweg, Jarrestadt, Winterhude, Hamburg-Nord, Hamburg, 22297, Deutschland",53.60126905,10.029077776982312,Hamburg-Nord
"20, Andreas-Knack-Ring, Quartier 21, Barmbek-Nord, Hamburg-Nord, Hamburg, 22307, Deutschland",53.6015155,10.037567901832967,Hamburg-Nord
"59, Otto-Speckter-Straße, Barmbek-Nord, Hamburg-Nord, Hamburg, 22307, Deutschland",53.6016821,10.0450227,Hamburg-Nord
"65, Richeystraße, Steilshoop, Wandsbek, Hamburg, 22309, Deutschland",53.6019111,10.05283339207488,Wandsbek
"36, Feldhoopstücken, Lokstedt, Eimsbüttel, Hamburg, 22529, Deutschland",53.6024156,9.958256141764892,Eimsbüttel
"34, Ahornallee, Lokstedt, Eimsbüttel, Hamburg, 22529, Deutschland",53.60221785,9.965399012679779,Eimsbüttel
"Peugeot, 55, Nedderfeld, Lokstedt, Eimsbüttel, Hamburg, 22529, Deutschland",53.6022765,9.97262605328013,Eimsbüttel
"Tarpenbek-Kollau-Wanderweg, Groß Borstel, Hamburg-Nord, Hamburg, 22453, Deutschland",53.603761600146186,9.98068265481229,Hamburg-Nord
"Deelböge, Alsterdorf, Hamburg-Nord, Hamburg, 22297, Deutschland",53.60317140779768,9.988117226840657,Hamburg-Nord
"28, Bebelallee, Alsterdorf, Hamburg-Nord, Hamburg, 22297, Deutschland",53.6033834,9.99639414676291,Hamburg-Nord
"Halle C, Bilser Straße, Alsterdorf, Hamburg-Nord, Hamburg, 22297, Deutschland",53.60374795,10.003149497143593,Hamburg-Nord
"Polizeikaserne Hamburg, Hindenburgstraße, Winterhude, Hamburg-Nord, Hamburg, 22297, Deutschland",53.60396085,10.010954869189646,Hamburg-Nord
"Singapurweg, Jarrestadt, Winterhude, Hamburg-Nord, Hamburg, 22297, Deutschland",53.604472915181034,10.018312710779083,Hamburg-Nord
"Oval Office, 10, Überseering, Jarrestadt, Winterhude, Hamburg-Nord, Hamburg, 22297, Deutschland",53.6047226,10.026754528224973,Hamburg-Nord
"B81892, Weg bei den Gärten, Winterhude, Hamburg-Nord, Hamburg, 22297, Deutschland",53.604925,10.0333914,Hamburg-Nord
"2, Manstadtsweg, Barmbek-Nord, Hamburg-Nord, Hamburg, 22307, Deutschland",53.6054153,10.0407373,Hamburg-Nord
"12b, Noldering, Barmbek-Nord, Hamburg-Nord, Hamburg, 22309, Deutschland",53.6061356,10.047750449999999,Hamburg-Nord
"85, Brödermannsweg, Groß Borstel, Hamburg-Nord, Hamburg, 22453, Deutschland",53.6063296,9.96880405,Hamburg-Nord
"Kita Brödermannsweg, 40, Brödermannsweg, Groß Borstel, Hamburg-Nord, Hamburg, 22453, Deutschland",53.606216849999996,9.975523057319194,Hamburg-Nord
"32, Woltersstraße, Groß Borstel, Hamburg-Nord, Hamburg, 22453, Deutschland",53.60705245,9.983972261716756,Hamburg-Nord
"Alsterkrugchaussee, Groß Borstel, Hamburg-Nord, Hamburg, 22453, Deutschland",53.60727268061706,9.991412180908329,Hamburg-Nord
"Skagerrakkanal, Rathenaustraße, Alsterdorf, Hamburg-Nord, Hamburg, 22297, Deutschland",53.6091597,10.000917804957478,Hamburg-Nord
"263, Alsterdorfer Straße, Alsterdorf, Hamburg-Nord, Hamburg, 22297, Deutschland",53.60797235,10.006390385276642,Hamburg-Nord
"4, Aurikelstieg, Alsterdorf, Hamburg-Nord, Hamburg, 22297, Deutschland",53.608149999999995,10.01404979900873,Hamburg-Nord
"Halifaxweg, Winterhude, Hamburg-Nord, Hamburg, 22297, Deutschland",53.60867725,10.021880252537095,Hamburg-Nord
"Berufliche Schule City Nord, 3, Tessenowweg, Winterhude, Hamburg-Nord, Hamburg, 22297, Deutschland",53.609202350000004,10.027875732365338,Hamburg-Nord
"8, Böckelweg, Ohlsdorf, Hamburg-Nord, Hamburg, 22337, Deutschland",53.60916575,10.036752156087775,Hamburg-Nord
"34b, Beerboomstücken, Groß Borstel, Hamburg-Nord, Hamburg, 22453, Deutschland",53.61075325,9.9796511,Hamburg-Nord
"Sandkrug, Klgv. 436 Groß Borstel, Groß Borstel, Hamburg-Nord, Hamburg, 22453, Deutschland",53.611055000496044,9.986499292624817,Hamburg-Nord
"Katharina-Jacob-Weg, Kleingartenverein 428 ""Alsterkrug"", Groß Borstel, Hamburg-Nord, Hamburg, 22297, Deutschland",53.61200289769614,9.995540183202484,Hamburg-Nord
"Alsterdorfer Damm, Alsterdorf, Hamburg-Nord, Hamburg, 22297, Deutschland",53.611095065331256,10.001933140024205,Hamburg-Nord
"Hindenburgbrücke, Hindenburgstraße, Alsterdorf, Hamburg-Nord, Hamburg, 22297, Deutschland",53.612102,10.009881671432964,Hamburg-Nord
"17, An der Blütenmauer, Alsterdorf, Hamburg-Nord, Hamburg, 22297, Deutschland",53.6120174,10.017315891139528,Hamburg-Nord
"6, Alsterdorfer Markt, Alsterdorf, Hamburg-Nord, Hamburg, 22297, Deutschland",53.6125264,10.0249257,Hamburg-Nord
